﻿<layer title="DUI-DEMO" width="600" height="400" appwin="1" ncRect="5,5,5,5"  resize="1" translucent="0"  nomaxsize="0">
	<body>
    <dlg name="maindlg" pos="0,0,-0,-0" class="cls_dlg_frame">
      <caption pos="0,0,-0,29">
        <text pos="11,9" class="cls_txt_red">%str1% ver:%str2%</text>
        <imgbtn id="1" name="btn_close" skin="btn_sys_close" pos="-45,0" tip="close" animate="0"/>
      </caption>
      <dlg pos="0,29,-0,-0">
        <gifplayer pos="10,10" skin="skin_gif_horse"/>
        <gifplayer pos="10,200" skin="skin_gif_fish"/>
      </dlg>
    </dlg>
	</body>
</layer>




